,image_name,Good,Usable,Reject
0,23504_right.jpeg,0.78882974,0.26007298,0.016497497
1,34112_left.jpeg,0.011904691,0.26572388,0.839065
2,24544_left.jpeg,0.798425,0.21822728,0.020048084
3,16824_right.jpeg,0.91935086,0.11538291,0.012394258
4,11302_left.jpeg,0.9460581,0.07371086,0.01429206
5,15559_right.jpeg,0.8403959,0.1880194,0.019533774
6,21506_right.jpeg,0.070056476,0.605553,0.31306383
7,39176_left.jpeg,0.029524954,0.48751488,0.5269363
8,32338_left.jpeg,0.9444876,0.07650371,0.011687803
9,16363_right.jpeg,0.7893291,0.19554597,0.0349548
10,32115_left.jpeg,0.86812353,0.15445423,0.019367112
11,23588_left.jpeg,0.007002234,0.16809341,0.9021649
12,42202_right.jpeg,0.35584563,0.4863357,0.098238654
13,36469_right.jpeg,0.07817456,0.65070015,0.27123132
14,7658_left.jpeg,0.056576148,0.58029383,0.32217747
15,22823_right.jpeg,0.0036933862,0.36267897,0.8510275
16,23262_left.jpeg,0.29226023,0.54440296,0.08420805
17,42107_left.jpeg,0.015859906,0.56668746,0.60440797
18,4174_left.jpeg,0.48653135,0.50395983,0.03301846
19,31204_right.jpeg,0.93665856,0.08542278,0.0127316
20,2569_left.jpeg,0.0076646744,0.11686112,0.9300399
21,34220_left.jpeg,0.10751926,0.56579244,0.20507167
22,27792_left.jpeg,0.004959804,0.29934344,0.85581684
23,21773_right.jpeg,0.048240807,0.70386016,0.34737676
24,12952_right.jpeg,0.9437931,0.07894833,0.014549205
25,19587_left.jpeg,0.85295236,0.18666318,0.015697975
26,10733_left.jpeg,0.03743993,0.37214604,0.6335392
27,44301_left.jpeg,0.32271537,0.54742914,0.06578885
28,13061_left.jpeg,0.9248762,0.10519525,0.0147341015
29,22018_right.jpeg,0.82794565,0.13820751,0.030096019
30,16002_right.jpeg,0.008898459,0.774415,0.43218175
31,25961_left.jpeg,0.95881015,0.059189107,0.011474594
32,26953_right.jpeg,0.96129113,0.054897122,0.011319147
33,43515_right.jpeg,0.32859734,0.48941287,0.08788639
34,17704_right.jpeg,0.030009871,0.32167873,0.5734207
35,10590_right.jpeg,0.797474,0.18267342,0.036255196
36,5312_right.jpeg,0.004890114,0.32971764,0.8541779
37,26790_right.jpeg,0.86221457,0.18885657,0.012876627
38,25307_right.jpeg,0.65718836,0.41503718,0.017263524
39,12742_left.jpeg,0.53304195,0.26183265,0.0749168
40,654_right.jpeg,0.054217383,0.27783442,0.66462874
41,32860_right.jpeg,0.95873433,0.061209254,0.010749721
42,21794_right.jpeg,0.9649069,0.055519223,0.009817639
43,32191_left.jpeg,0.8340108,0.20679982,0.020639213
44,25493_left.jpeg,0.9123117,0.10080809,0.019028809
45,20367_left.jpeg,0.9088482,0.120298006,0.013456863
46,24769_right.jpeg,0.11876542,0.16843878,0.50051415
47,19398_left.jpeg,0.30227092,0.41089496,0.12169907
48,13921_left.jpeg,0.07754586,0.7475266,0.12995099
49,11633_left.jpeg,0.88457185,0.1234476,0.018887157
50,28433_left.jpeg,0.38651547,0.31626174,0.12265422
51,7498_left.jpeg,0.68197966,0.1281755,0.08043714
52,2915_right.jpeg,0.035939712,0.49037465,0.50665355
53,34956_right.jpeg,0.015129421,0.55511343,0.58055896
54,14054_right.jpeg,0.7482014,0.15299207,0.047393475
55,31674_left.jpeg,0.93440896,0.07917847,0.015902445
56,22343_left.jpeg,0.95316446,0.06435199,0.011692777
57,23530_left.jpeg,0.004355145,0.4645394,0.802845
58,8345_left.jpeg,0.14859103,0.7105644,0.1673521
59,37390_left.jpeg,0.7117869,0.27306533,0.034774464
60,39825_left.jpeg,0.04724132,0.59923565,0.38727504
61,7594_right.jpeg,0.115783975,0.5746822,0.21899787
62,3603_right.jpeg,0.10953849,0.34619397,0.40277138
63,7714_right.jpeg,0.030362286,0.34427428,0.6936783
64,35150_left.jpeg,0.019266713,0.79068106,0.34579644
65,9399_right.jpeg,0.9308971,0.09991051,0.012827595
66,23380_left.jpeg,0.30489048,0.36286834,0.13598986
67,10702_left.jpeg,0.5574647,0.38224828,0.038571116
68,20693_right.jpeg,0.9002206,0.1257547,0.014205035
69,26965_right.jpeg,0.9198179,0.10736145,0.017868334
70,33471_right.jpeg,0.0057837465,0.17165942,0.9127803
71,27737_right.jpeg,0.040343333,0.47916394,0.5007839
72,4761_right.jpeg,0.39061484,0.1906661,0.1595587
73,13140_right.jpeg,0.013831877,0.12904489,0.8920797
74,15974_right.jpeg,0.95533454,0.07046649,0.009545044
75,9172_left.jpeg,0.6717089,0.26392844,0.04584273
76,19129_left.jpeg,0.872739,0.15055516,0.01813439
77,38209_left.jpeg,0.9473777,0.069407724,0.014940487
78,896_right.jpeg,0.37794292,0.5401124,0.051495545
79,10381_right.jpeg,0.0044008796,0.30902073,0.8673459
80,3728_right.jpeg,0.013449648,0.06754091,0.9498682
81,18592_right.jpeg,0.21750438,0.4490442,0.17662436
82,29133_left.jpeg,0.93483573,0.09422925,0.0117150275
83,12143_left.jpeg,0.9492364,0.08192725,0.009034621
84,3056_left.jpeg,0.636544,0.21872823,0.06744451
85,103_left.jpeg,0.9537023,0.07781974,0.008015408
86,7744_right.jpeg,0.22095296,0.6476482,0.08126886
87,17505_left.jpeg,0.010613013,0.08564466,0.9423938
88,17031_left.jpeg,0.9266215,0.1040812,0.01431224
89,30031_right.jpeg,0.0053731366,0.60679775,0.67588377
90,20955_right.jpeg,0.9631488,0.060268212,0.009523492
91,14991_left.jpeg,0.84733826,0.17904323,0.019273052
92,31574_left.jpeg,0.8620485,0.15876794,0.025317363
93,6570_right.jpeg,0.9589473,0.05977131,0.01111209
94,1304_right.jpeg,0.44642282,0.49400327,0.047156256
95,21613_right.jpeg,0.7469735,0.18618257,0.042043082
96,18591_left.jpeg,0.95625854,0.0609067,0.012171162
97,40196_right.jpeg,0.87515104,0.11695717,0.024652882
98,32224_right.jpeg,0.95814,0.057771325,0.011292657
99,10300_right.jpeg,0.035941,0.08655215,0.8697201
100,9834_left.jpeg,0.23691177,0.58534896,0.12219724
101,42030_right.jpeg,0.66801995,0.25244117,0.042131707
102,16980_left.jpeg,0.61667866,0.3020358,0.04964598
103,9514_left.jpeg,0.055647373,0.3391456,0.553278
104,13965_right.jpeg,0.009573694,0.24813345,0.87238634
105,38614_left.jpeg,0.00925142,0.559333,0.6531061
106,22309_right.jpeg,0.004560989,0.23489127,0.88591164
107,17061_right.jpeg,0.927003,0.104836635,0.011419404
108,23026_right.jpeg,0.86215425,0.17207636,0.016999766
109,42974_left.jpeg,0.87734437,0.17338213,0.010156078
110,23344_right.jpeg,0.011594623,0.2974298,0.79826266
111,11324_left.jpeg,0.029368984,0.5540301,0.48486462
112,1433_left.jpeg,0.94678354,0.063029274,0.015085638
113,29358_left.jpeg,0.047077045,0.7505762,0.21857934
114,5564_left.jpeg,0.038877152,0.41111937,0.56626767
115,8905_right.jpeg,0.008849877,0.49009046,0.71370137
116,2603_left.jpeg,0.27743497,0.4318762,0.15646681
117,10775_left.jpeg,0.030156517,0.70577717,0.39534846
118,3126_right.jpeg,0.9437928,0.0727557,0.014334685
119,32423_left.jpeg,0.020731943,0.09716023,0.9137105
120,2380_left.jpeg,0.9574949,0.07039455,0.008299915
121,30085_left.jpeg,0.08017554,0.26587045,0.52119285
122,40945_left.jpeg,0.90677685,0.13453732,0.012465141
123,12925_left.jpeg,0.7633104,0.25538415,0.020049043
124,13616_right.jpeg,0.014871491,0.19247863,0.85812277
125,9609_right.jpeg,0.68944454,0.23686264,0.050059218
126,42589_right.jpeg,0.015577462,0.49017385,0.5631414
127,6246_right.jpeg,0.005075696,0.2773292,0.86816126
128,30507_left.jpeg,0.69960064,0.16452341,0.056370083
129,26085_left.jpeg,0.6889941,0.2987835,0.03170645
130,33930_left.jpeg,0.36431685,0.53024095,0.059850324
131,37075_right.jpeg,0.75964534,0.115499,0.06870003
132,3268_right.jpeg,0.026453063,0.34679583,0.6579959
133,15838_right.jpeg,0.0035948253,0.6477441,0.6676506
134,7826_right.jpeg,0.0111779785,0.38530686,0.7219852
135,11030_left.jpeg,0.8378103,0.17154036,0.023294348
136,7960_left.jpeg,0.036958814,0.48647526,0.5155377
137,37434_right.jpeg,0.004736178,0.29514962,0.8409594
138,36659_left.jpeg,0.63103884,0.36768377,0.027829064
139,1003_left.jpeg,0.7230847,0.24271649,0.034362186
140,39054_left.jpeg,0.2989869,0.39712858,0.11737998
141,24371_right.jpeg,0.053885084,0.69429606,0.32470724
142,30484_right.jpeg,0.0050614746,0.23019536,0.8950582
143,38754_left.jpeg,0.008631291,0.12413217,0.92356634
144,43925_right.jpeg,0.9584597,0.06405791,0.010482155
145,25290_left.jpeg,0.011140473,0.08530194,0.9418938
146,4091_left.jpeg,0.9550181,0.07001869,0.010215735
147,12510_right.jpeg,0.9133362,0.07807348,0.026065957
148,39979_right.jpeg,0.14076947,0.6888183,0.12122487
149,31534_left.jpeg,0.36048615,0.37809938,0.081375316
150,17254_right.jpeg,0.24599215,0.4619306,0.13318698
151,13105_right.jpeg,0.85596347,0.15622935,0.02177958
152,28697_right.jpeg,0.73820084,0.16963576,0.045310766
153,22770_right.jpeg,0.89867693,0.08321585,0.023803497
154,14822_left.jpeg,0.7689871,0.20877555,0.029560551
155,19119_right.jpeg,0.6348173,0.20641865,0.092699185
156,35482_left.jpeg,0.03464768,0.38009658,0.63358825
157,13467_right.jpeg,0.0044832206,0.24399163,0.8890265
158,33628_right.jpeg,0.5192047,0.2563634,0.09967245
159,15474_right.jpeg,0.9601944,0.06366198,0.0099759195
160,31395_right.jpeg,0.011827836,0.40782845,0.75724036
161,653_right.jpeg,0.078004606,0.7911353,0.17504187
162,33263_left.jpeg,0.0030237255,0.24576788,0.882
163,38909_left.jpeg,0.053802337,0.31537718,0.5300364
164,39581_left.jpeg,0.0065810187,0.36977488,0.8101479
165,585_right.jpeg,0.779533,0.21564089,0.02982922
166,3620_left.jpeg,0.9172774,0.12277053,0.013318398
167,22296_left.jpeg,0.96587944,0.05271056,0.010162221
168,43524_left.jpeg,0.01745527,0.43166092,0.67049754
169,36197_right.jpeg,0.7046727,0.30442896,0.024719138
170,26083_left.jpeg,0.9016237,0.13311663,0.017415855
171,37089_left.jpeg,0.6135234,0.3754169,0.034009732
172,8707_right.jpeg,0.34499747,0.37053883,0.14663415
173,9770_left.jpeg,0.0426921,0.49191323,0.44186905
174,31781_left.jpeg,0.013595955,0.5725595,0.6050307
175,24604_left.jpeg,0.89828926,0.1119736,0.02152241
176,42511_left.jpeg,0.31352443,0.5693399,0.080057375
177,40682_left.jpeg,0.01208044,0.07439384,0.94680566
178,261_left.jpeg,0.043753963,0.6258631,0.37132615
179,2112_right.jpeg,0.634935,0.24226739,0.07059547
180,25464_right.jpeg,0.045911703,0.31350493,0.41948763
181,24686_left.jpeg,0.053472847,0.5737596,0.40080246
182,32752_right.jpeg,0.10675333,0.5158052,0.24698912
183,21860_left.jpeg,0.7167436,0.23384762,0.044314228
184,25465_right.jpeg,0.8328103,0.23447596,0.009295743
185,28543_right.jpeg,0.013606915,0.06711004,0.9498068
186,22976_left.jpeg,0.9339949,0.09576153,0.014036322
187,16438_right.jpeg,0.90210843,0.14461711,0.0112474235
188,30394_left.jpeg,0.67888045,0.38037252,0.015869293
189,383_right.jpeg,0.26502025,0.6644421,0.058668427
190,18403_left.jpeg,0.88357985,0.12806055,0.014568894
191,13385_left.jpeg,0.004460608,0.3182296,0.8623629
192,36435_left.jpeg,0.06150909,0.47579256,0.40910652
193,6213_right.jpeg,0.0021587682,0.5098458,0.80793554
194,1239_left.jpeg,0.88833237,0.12948011,0.018508282
195,22529_right.jpeg,0.1108446,0.46953484,0.26517996
196,3796_right.jpeg,0.017560882,0.073135525,0.93329734
197,21299_right.jpeg,0.30630735,0.355922,0.08925982
198,32364_right.jpeg,0.28559372,0.6428865,0.06409781
199,11585_right.jpeg,0.0065210937,0.2173264,0.8831397
200,40194_right.jpeg,0.04782671,0.59080166,0.36557105
201,41596_right.jpeg,0.045172874,0.38701096,0.3298447
202,14975_left.jpeg,0.9348255,0.07561558,0.015405439
203,26645_left.jpeg,0.9203153,0.10464092,0.013794301
204,30860_left.jpeg,0.7257177,0.21039212,0.045096427
205,13135_right.jpeg,0.07888097,0.5053906,0.41428417
206,39460_left.jpeg,0.034015104,0.8016517,0.24422975
207,38151_right.jpeg,0.016753176,0.09264859,0.93108773
208,19829_right.jpeg,0.15238318,0.6307304,0.14059313
209,42267_left.jpeg,0.008781794,0.28206757,0.8353351
210,3014_left.jpeg,0.0986939,0.6975918,0.18876092
211,28714_right.jpeg,0.78186333,0.19565484,0.029514177
212,39692_left.jpeg,0.10661867,0.10781647,0.64883685
213,7166_right.jpeg,0.92452425,0.09949375,0.015162573
214,25262_left.jpeg,0.94384813,0.084148996,0.011497462
215,10712_right.jpeg,0.9117472,0.11348827,0.014276242
216,32917_right.jpeg,0.3889426,0.4545718,0.09257917
217,7414_left.jpeg,0.21425337,0.62019444,0.09923191
218,11731_right.jpeg,0.8267158,0.18157503,0.0196173
219,30993_left.jpeg,0.86209565,0.16326761,0.023108292
220,38529_left.jpeg,0.7885731,0.12830698,0.051847167
221,18582_right.jpeg,0.039410014,0.5603247,0.44958252
222,2837_right.jpeg,0.90451646,0.081996225,0.024742818
223,32296_right.jpeg,0.9412957,0.085518114,0.012878834
224,40722_left.jpeg,0.0068944157,0.18375745,0.9030298
225,31571_left.jpeg,0.014139825,0.06709554,0.94781125
226,17610_right.jpeg,0.96046793,0.059165988,0.010595768
227,606_right.jpeg,0.017811086,0.06898932,0.9331585
228,29415_left.jpeg,0.7965826,0.15898393,0.0314828
229,34401_left.jpeg,0.09958111,0.6961288,0.21361578
230,29882_left.jpeg,0.80565214,0.23760493,0.018689062
231,21557_right.jpeg,0.8687049,0.11639515,0.025807932
232,31716_right.jpeg,0.95894,0.060394928,0.012047796
233,42434_right.jpeg,0.0491309,0.19735783,0.60395956
234,43559_right.jpeg,0.675278,0.36409795,0.0222977
235,39299_right.jpeg,0.0039100903,0.2693117,0.88437366
236,5281_left.jpeg,0.31677625,0.42473215,0.12707154
237,22404_right.jpeg,0.77892125,0.2253063,0.028336976
238,5364_right.jpeg,0.010534865,0.092211075,0.9388513
239,16823_left.jpeg,0.891728,0.1259985,0.018527808
240,27513_right.jpeg,0.9500679,0.07960404,0.009322859
241,25048_right.jpeg,0.94784164,0.07833142,0.0118423635
242,31532_left.jpeg,0.46853596,0.19324811,0.08613505
243,13187_right.jpeg,0.9195977,0.109807625,0.019545607
244,37022_left.jpeg,0.024941493,0.3540854,0.489989
245,37990_right.jpeg,0.022072421,0.5451134,0.57763135
246,10747_right.jpeg,0.9510624,0.07464307,0.012199499
247,22705_right.jpeg,0.052673314,0.58892757,0.33553964
248,595_left.jpeg,0.40921462,0.48554155,0.06811552
249,12737_left.jpeg,0.42619517,0.2901181,0.12743789
250,13301_left.jpeg,0.8725712,0.16040006,0.017103873
251,12983_right.jpeg,0.94898766,0.07125919,0.014779685
252,13676_right.jpeg,0.010026872,0.102480166,0.93241805
253,10860_left.jpeg,0.5617487,0.46826574,0.024273261
254,16269_right.jpeg,0.56247157,0.40712172,0.027391316
255,28964_left.jpeg,0.12325595,0.52664435,0.28978577
256,43252_right.jpeg,0.9623507,0.06056653,0.009745878
257,21397_left.jpeg,0.08956167,0.46312627,0.3554728
258,22117_left.jpeg,0.6699828,0.25731575,0.04768329
259,822_right.jpeg,0.51322955,0.4332299,0.038953163
260,16849_left.jpeg,0.0125969,0.27352038,0.81849205
261,19235_left.jpeg,0.9619865,0.057499364,0.010324045
262,15632_right.jpeg,0.9600364,0.057009026,0.0111825485
263,11764_left.jpeg,0.009043958,0.6034586,0.6354508
264,21274_left.jpeg,0.91863686,0.10336364,0.01606503
265,4637_right.jpeg,0.742188,0.24950317,0.03112309
266,27882_left.jpeg,0.87230986,0.18429606,0.0109936595
267,1618_left.jpeg,0.11740216,0.76024467,0.14408436
268,1328_left.jpeg,0.107203856,0.6992743,0.11474845
269,39280_left.jpeg,0.28270164,0.28434613,0.16235568
270,21049_right.jpeg,0.012710908,0.07592015,0.94549793
271,19545_right.jpeg,0.9291305,0.09318795,0.013474797
272,26138_right.jpeg,0.08734654,0.14277309,0.6224224
273,4459_left.jpeg,0.048976533,0.7056778,0.3161781
274,19631_left.jpeg,0.009731499,0.1392949,0.9088041
275,39226_right.jpeg,0.8833457,0.12744842,0.019926148
276,36305_left.jpeg,0.08354919,0.5265728,0.2367335
277,132_left.jpeg,0.03132873,0.37366217,0.5110255
278,9044_left.jpeg,0.0083695,0.13197443,0.9208253
279,29827_right.jpeg,0.12558268,0.38412997,0.34270343
280,14563_left.jpeg,0.73554164,0.20322321,0.062067922
281,25348_right.jpeg,0.9396218,0.08797167,0.015064389
282,27998_right.jpeg,0.91615176,0.09362193,0.021340724
283,28804_right.jpeg,0.025675062,0.2887369,0.62115616
284,10707_right.jpeg,0.016079834,0.59058964,0.58447236
285,39787_right.jpeg,0.12838638,0.7260354,0.10030477
286,26120_left.jpeg,0.23403648,0.51317626,0.17165405
287,37211_right.jpeg,0.019559685,0.57891965,0.58148766
288,6028_left.jpeg,0.02016112,0.30498064,0.7781073
289,22635_right.jpeg,0.2780385,0.2965844,0.19155838
290,17867_right.jpeg,0.028078822,0.5325548,0.53308535
291,26035_left.jpeg,0.9489073,0.07170152,0.011157012
292,21867_right.jpeg,0.047962718,0.4026707,0.5338984
293,41300_left.jpeg,0.1749334,0.34441537,0.25453743
294,25927_left.jpeg,0.020780072,0.34075361,0.68564934
295,4006_left.jpeg,0.10110152,0.7297871,0.14856243
296,29471_right.jpeg,0.7504294,0.28328153,0.01995631
297,42276_right.jpeg,0.42612535,0.5191178,0.045652743
298,24564_right.jpeg,0.10630709,0.25251243,0.53300494
299,12719_left.jpeg,0.46294776,0.3671549,0.06799746
300,3424_right.jpeg,0.27180794,0.5925766,0.07457434
301,9968_left.jpeg,0.008945683,0.12864609,0.91797805
302,40870_left.jpeg,0.11882123,0.5296957,0.25338492
303,15403_left.jpeg,0.4711385,0.23426217,0.14441885
304,27197_right.jpeg,0.012028338,0.17152888,0.8818173
305,22748_right.jpeg,0.93875104,0.07426669,0.014250639
306,31192_right.jpeg,0.13213779,0.7239706,0.12473943
307,26722_right.jpeg,0.13794534,0.5803619,0.23423104
308,6231_left.jpeg,0.23880978,0.63366747,0.081231244
309,27212_right.jpeg,0.88010794,0.16243912,0.019722376
310,34103_right.jpeg,0.05426315,0.35323644,0.4860512
311,14789_left.jpeg,0.9036034,0.11427696,0.017029243
312,19534_right.jpeg,0.9204145,0.08946091,0.017415922
313,474_left.jpeg,0.18205492,0.40460527,0.19452044
314,19365_right.jpeg,0.07229488,0.37386146,0.47370657
315,14573_left.jpeg,0.75434047,0.274662,0.024793766
316,13082_right.jpeg,0.8271097,0.17300403,0.033953138
317,17353_left.jpeg,0.22515592,0.4809291,0.13311143
318,35197_right.jpeg,0.05593116,0.56304395,0.34991208
319,19996_left.jpeg,0.8603298,0.12980331,0.031263705
320,6414_left.jpeg,0.014342038,0.07006382,0.94527876
321,12772_right.jpeg,0.910131,0.09367329,0.019400787
322,32229_left.jpeg,0.014791193,0.6350261,0.5917402
323,6456_left.jpeg,0.06201383,0.7262954,0.25903368
324,675_left.jpeg,0.62845844,0.27414107,0.061675962
325,21125_right.jpeg,0.94950986,0.07421666,0.010879264
326,29912_right.jpeg,0.659899,0.17781152,0.06864443
327,4871_right.jpeg,0.049045317,0.7462963,0.14811967
328,15249_left.jpeg,0.019889222,0.52294016,0.5815952
329,36263_right.jpeg,0.5169376,0.28658873,0.07486116
330,33827_right.jpeg,0.06520301,0.09964834,0.7099149
331,13574_right.jpeg,0.93702596,0.08480871,0.015216356
332,38290_left.jpeg,0.9516461,0.07215132,0.014359999
333,12569_left.jpeg,0.54057896,0.23191896,0.101503134
334,13219_right.jpeg,0.8280496,0.1816697,0.028653657
335,7913_right.jpeg,0.5802977,0.36080408,0.039122585
336,811_left.jpeg,0.9083145,0.11429219,0.015458394
337,17078_left.jpeg,0.012390289,0.07200127,0.9478755
338,24051_left.jpeg,0.8109807,0.14604886,0.03293996
339,43667_left.jpeg,0.034172777,0.32509196,0.614918
340,8206_right.jpeg,0.3057064,0.4811764,0.14109531
341,10531_left.jpeg,0.46416196,0.27617896,0.08367284
342,5429_left.jpeg,0.17768832,0.6613259,0.15376122
343,1923_right.jpeg,0.7302346,0.19963874,0.042998306
344,41676_right.jpeg,0.73754376,0.26237786,0.030420778
345,2301_left.jpeg,0.92860776,0.096923925,0.013803534
346,12545_right.jpeg,0.5981079,0.33774176,0.045008358
347,44276_left.jpeg,0.20980327,0.10506581,0.43010104
348,22736_right.jpeg,0.014018027,0.4547227,0.6923006
349,25440_right.jpeg,0.10027282,0.55892056,0.23499182
350,27303_left.jpeg,0.059971623,0.1327391,0.66910565
351,6208_left.jpeg,0.015702242,0.55681163,0.5920641
352,38223_right.jpeg,0.115983784,0.5960963,0.29064986
353,2955_right.jpeg,0.2745735,0.6043684,0.0759649
354,8369_left.jpeg,0.2545469,0.3582248,0.14775118
355,10784_right.jpeg,0.062290605,0.46937793,0.4186599
356,3195_left.jpeg,0.93152106,0.08147154,0.016155753
357,26992_left.jpeg,0.7452516,0.2728427,0.024416769
358,10981_right.jpeg,0.8060666,0.17381583,0.044877797
359,26030_right.jpeg,0.74451447,0.23857456,0.041255068
360,32096_right.jpeg,0.962537,0.054265976,0.01084566
361,3259_left.jpeg,0.71987504,0.19223964,0.048529223
362,5705_right.jpeg,0.89386284,0.13104582,0.01773944
363,14785_left.jpeg,0.8589589,0.13204262,0.020337887
364,42325_right.jpeg,0.9630807,0.054034367,0.010451638
365,22285_right.jpeg,0.9377035,0.08535665,0.015327095
366,43443_right.jpeg,0.08614913,0.5070586,0.33389896
367,15570_left.jpeg,0.92399573,0.103578605,0.013851384
368,7933_right.jpeg,0.030120626,0.6916146,0.39676178
369,5389_right.jpeg,0.08676317,0.41098583,0.41790846
370,42441_left.jpeg,0.38930136,0.5827792,0.061396766
371,14018_left.jpeg,0.13692948,0.3578101,0.33619353
372,6294_right.jpeg,0.007219502,0.38023654,0.7957575
373,8909_right.jpeg,0.9607159,0.05689045,0.010553152
374,35993_right.jpeg,0.87273794,0.14673139,0.01988464
375,3093_left.jpeg,0.8561779,0.14636008,0.021638462
376,3373_right.jpeg,0.038423132,0.6008792,0.39398053
377,31210_right.jpeg,0.013448124,0.6029664,0.5969517
378,2170_left.jpeg,0.7695423,0.18193531,0.03503523
379,32036_right.jpeg,0.966157,0.05188452,0.009887625
380,40176_right.jpeg,0.04899215,0.8087909,0.19387403
381,21841_left.jpeg,0.5436093,0.44874704,0.033931896
382,2143_left.jpeg,0.9614254,0.059282966,0.010286383
383,4325_left.jpeg,0.08353867,0.10480882,0.6671058
384,15313_left.jpeg,0.67926013,0.3561895,0.0375516
385,42375_left.jpeg,0.059872482,0.5799898,0.4109371
386,30767_right.jpeg,0.95755094,0.064988256,0.010197954
387,2672_right.jpeg,0.14214513,0.70933884,0.13770345
388,20606_left.jpeg,0.79557,0.2120488,0.02329009
389,28166_left.jpeg,0.45593417,0.44340974,0.07941546
390,42699_left.jpeg,0.05767496,0.7237528,0.22054349
391,17745_right.jpeg,0.9615054,0.062733546,0.008987497
392,6508_right.jpeg,0.04121689,0.6564099,0.3627698
393,11185_left.jpeg,0.39953408,0.47794393,0.056176484
394,19989_left.jpeg,0.85948145,0.15107991,0.019491607
395,36497_right.jpeg,0.17509055,0.6984214,0.09391275
396,14928_right.jpeg,0.07256919,0.737438,0.2648736
397,19437_left.jpeg,0.44837004,0.32045344,0.08797725
398,29261_left.jpeg,0.05826201,0.56391,0.31960687
399,2060_right.jpeg,0.08891063,0.52770215,0.2997986
400,31768_right.jpeg,0.83872217,0.15254156,0.029908841
401,16125_right.jpeg,0.5810908,0.09622251,0.08097198
402,29914_right.jpeg,0.3708277,0.40873224,0.082694195
403,34747_right.jpeg,0.791603,0.2115262,0.026921798
404,41340_right.jpeg,0.122349046,0.30482376,0.34358752
405,33801_left.jpeg,0.68969136,0.22419357,0.05818152
406,14107_right.jpeg,0.37332183,0.34029463,0.10961359
407,34603_left.jpeg,0.5668261,0.37230587,0.047901716
408,26393_left.jpeg,0.64612615,0.30630654,0.04617646
409,34966_right.jpeg,0.24423106,0.5362262,0.10613322
410,13726_right.jpeg,0.22256206,0.22154069,0.3311527
411,8308_right.jpeg,0.33898348,0.5548931,0.074544534
412,30960_left.jpeg,0.9458539,0.069808476,0.015069719
413,13226_left.jpeg,0.7742373,0.21565965,0.026033439
414,35303_left.jpeg,0.023347843,0.86266094,0.25830302
415,19466_left.jpeg,0.96391696,0.052701034,0.010721868
416,6097_left.jpeg,0.67899245,0.14508712,0.06822648
417,10871_left.jpeg,0.036521673,0.6711495,0.4014626
418,31895_right.jpeg,0.8250061,0.21225567,0.018523915
419,8079_right.jpeg,0.8172025,0.18305126,0.025749542
420,27649_right.jpeg,0.9005987,0.11648408,0.015782613
421,14949_right.jpeg,0.12441003,0.51636547,0.25467274
422,10911_right.jpeg,0.16774721,0.55175,0.15308449
423,18152_left.jpeg,0.005917932,0.24593772,0.8768662
424,5553_right.jpeg,0.32004243,0.54258883,0.07765792
425,35001_left.jpeg,0.008736737,0.5170108,0.7198614
426,19337_left.jpeg,0.897752,0.12083396,0.019218732
427,10164_left.jpeg,0.94026554,0.07834887,0.013072322
428,28544_right.jpeg,0.01024894,0.09441698,0.9376025
429,12407_right.jpeg,0.5120167,0.3224589,0.08829694
430,34303_right.jpeg,0.94748527,0.073574975,0.011093933
431,2580_right.jpeg,0.012162365,0.07645901,0.9455711
432,3171_left.jpeg,0.007792044,0.14657639,0.9148499
433,1648_right.jpeg,0.8359955,0.15321147,0.027233936
434,16339_left.jpeg,0.0040371357,0.23147269,0.9005248
435,33257_left.jpeg,0.8213795,0.21161832,0.023560073
436,18396_right.jpeg,0.32546818,0.43548724,0.09575949
437,17881_left.jpeg,0.0071277334,0.14929505,0.91733503
438,29457_right.jpeg,0.004454996,0.4948751,0.7543673
439,6029_right.jpeg,0.0123339575,0.07735319,0.944313
440,27083_right.jpeg,0.7644164,0.23390014,0.029548852
441,30336_left.jpeg,0.917468,0.10513079,0.015113053
442,21289_right.jpeg,0.40115267,0.32113588,0.105305694
443,2311_left.jpeg,0.9399291,0.07805093,0.012710034
444,9328_right.jpeg,0.5140801,0.41791496,0.05643072
445,20269_left.jpeg,0.0048577655,0.27766156,0.8715178
446,40466_left.jpeg,0.08377147,0.780958,0.19840562
447,30786_right.jpeg,0.047452938,0.4999634,0.4643126
448,26769_left.jpeg,0.92177016,0.097325005,0.022118857
449,26095_left.jpeg,0.21203786,0.45976847,0.23670582
450,25232_right.jpeg,0.9468616,0.0643514,0.014534023
451,8863_left.jpeg,0.1920733,0.49473628,0.17167684
452,4377_left.jpeg,0.31679815,0.56558925,0.06332605
453,19044_left.jpeg,0.68357635,0.2868756,0.046422906
454,127_left.jpeg,0.009227513,0.32412305,0.8088119
455,43510_right.jpeg,0.84931356,0.12852544,0.028902797
456,23402_left.jpeg,0.9294796,0.08553057,0.018947734
457,31030_right.jpeg,0.7052505,0.16385761,0.081235096
458,3433_right.jpeg,0.8333141,0.1948824,0.018051058
459,12312_left.jpeg,0.9208914,0.11473676,0.011442532
460,31400_left.jpeg,0.13203396,0.7688091,0.08870414
461,30218_right.jpeg,0.95442617,0.0670959,0.011232919
462,35490_left.jpeg,0.010492086,0.23563448,0.8435294
463,39765_left.jpeg,0.6207472,0.26832733,0.06712541
464,8204_left.jpeg,0.0041948096,0.3894701,0.82377833
465,19606_right.jpeg,0.0053571514,0.36743322,0.8240394
466,43292_right.jpeg,0.9421241,0.06440834,0.015440013
467,7758_left.jpeg,0.005865549,0.4187684,0.7968948
468,34366_right.jpeg,0.93421936,0.075161375,0.016976235
469,17496_right.jpeg,0.002841303,0.34068134,0.86553943
470,21350_right.jpeg,0.114083014,0.67103755,0.12303561
471,12942_right.jpeg,0.008162126,0.5861082,0.6595694
472,26182_left.jpeg,0.9377078,0.08827984,0.0173573
473,22742_right.jpeg,0.003123938,0.32805735,0.87136734
474,1209_right.jpeg,0.9156867,0.094608754,0.018802134
475,30438_left.jpeg,0.8805219,0.15875898,0.014812514
476,38433_left.jpeg,0.003934652,0.6055642,0.7036999
477,31895_left.jpeg,0.89459306,0.11288251,0.021887733
478,12690_left.jpeg,0.070883,0.28785604,0.5477254
479,36287_right.jpeg,0.26287824,0.1983291,0.38166064
480,36829_right.jpeg,0.9616786,0.05647184,0.010296675
481,1583_left.jpeg,0.009066331,0.1383284,0.91176426
482,31481_left.jpeg,0.0070568887,0.4510702,0.7414908
483,26158_left.jpeg,0.046875156,0.71492976,0.30361873
484,10950_right.jpeg,0.8507745,0.17381227,0.019833384
485,33819_right.jpeg,0.33828056,0.47503877,0.08564473
486,12826_left.jpeg,0.03209524,0.52292985,0.54647505
487,17777_right.jpeg,0.64811397,0.19800016,0.07082361
488,36102_right.jpeg,0.35312337,0.40095136,0.100607015
489,598_left.jpeg,0.096130475,0.40541607,0.36482048
490,2033_right.jpeg,0.9202987,0.08653992,0.018304037
491,8204_right.jpeg,0.0066776774,0.15108362,0.91909164
492,37318_right.jpeg,0.71592283,0.28902754,0.032003164
493,16447_right.jpeg,0.94275135,0.082599476,0.01184814
494,42359_right.jpeg,0.9378469,0.08040103,0.012511608
495,24407_left.jpeg,0.7631754,0.22057983,0.034020588
496,38183_left.jpeg,0.020357024,0.5425598,0.6083771
497,41610_right.jpeg,0.031095246,0.37334532,0.6707051
498,2365_left.jpeg,0.012231886,0.08282579,0.9380812
499,33218_left.jpeg,0.9250573,0.09682028,0.016106728
500,34444_right.jpeg,0.00824971,0.18798183,0.8891413
501,13068_right.jpeg,0.015249559,0.3414224,0.78199404
502,29693_left.jpeg,0.9622527,0.05783559,0.01039183
503,42134_left.jpeg,0.023087887,0.402662,0.66333336
504,26719_right.jpeg,0.93862206,0.08644834,0.013154971
505,6642_left.jpeg,0.34691045,0.564158,0.051591307
506,20940_right.jpeg,0.9040496,0.114207245,0.017751716
507,14839_right.jpeg,0.013786687,0.5291487,0.6606894
508,19954_right.jpeg,0.75844955,0.2877699,0.017845554
509,41407_right.jpeg,0.2840013,0.6807695,0.090408705
510,1383_left.jpeg,0.9438989,0.07434261,0.015650164
511,11901_left.jpeg,0.025103625,0.670528,0.37680948
512,4748_right.jpeg,0.08210244,0.59530425,0.28563198
513,33407_right.jpeg,0.36292621,0.39548394,0.09353545
514,35949_left.jpeg,0.8920624,0.15244238,0.013301157
515,12379_left.jpeg,0.62887293,0.29107213,0.045466077
516,16361_left.jpeg,0.013376408,0.071318276,0.9458685
517,14030_left.jpeg,0.03543434,0.27253896,0.5899052
518,35360_right.jpeg,0.3332224,0.208478,0.13640037
519,15651_left.jpeg,0.9615395,0.057056773,0.010287961
520,25861_left.jpeg,0.93671733,0.07408524,0.016048102
521,2915_left.jpeg,0.18558049,0.46200377,0.17688802
522,20217_right.jpeg,0.9598245,0.0636544,0.009431214
523,18868_left.jpeg,0.56839967,0.25927374,0.0686049
524,26845_left.jpeg,0.9332962,0.090266235,0.013269453
525,9117_left.jpeg,0.72351116,0.20826335,0.03457683
526,11131_left.jpeg,0.011065093,0.09529899,0.9316001
527,276_right.jpeg,0.7449021,0.22845057,0.037201982
528,10064_right.jpeg,0.48526382,0.26771304,0.12966706
529,40402_right.jpeg,0.9486769,0.07392088,0.0149246985
530,15294_left.jpeg,0.90980434,0.080979094,0.022596413
531,32343_right.jpeg,0.9088234,0.11822879,0.014945232
532,38003_left.jpeg,0.07797306,0.7828917,0.18473467
533,43312_left.jpeg,0.0053868843,0.2220012,0.8853498
534,1690_right.jpeg,0.8770676,0.14877348,0.015369556
535,10277_left.jpeg,0.48777738,0.32928944,0.07271983
536,20734_left.jpeg,0.9071193,0.09959014,0.016969418
537,16589_left.jpeg,0.009849396,0.12100012,0.9226854
538,13121_right.jpeg,0.49165905,0.4899861,0.031495087
539,22790_left.jpeg,0.45076323,0.30348983,0.07903544
540,13380_left.jpeg,0.9448571,0.0694822,0.013700691
541,18956_right.jpeg,0.89394957,0.13629106,0.01595829
542,7661_right.jpeg,0.11898181,0.6701116,0.16452567
543,23891_left.jpeg,0.18704014,0.4388516,0.18781894
544,23915_left.jpeg,0.9666889,0.048752002,0.0102583235
545,1717_right.jpeg,0.73350096,0.26149464,0.029056964
546,15773_left.jpeg,0.7788843,0.18981312,0.0344139
547,40268_right.jpeg,0.060026594,0.47103575,0.46006873
548,33578_right.jpeg,0.033682454,0.7251728,0.36984193
549,28222_left.jpeg,0.8028827,0.16760272,0.028514238
550,13624_right.jpeg,0.8983157,0.12980238,0.021177363
551,35592_left.jpeg,0.008442129,0.5817386,0.67338365
552,4834_right.jpeg,0.0069255834,0.25951827,0.85922295
553,28953_right.jpeg,0.9342352,0.075483166,0.019961527
554,2311_right.jpeg,0.88065785,0.13053384,0.018456386
555,27915_left.jpeg,0.0028143465,0.3250919,0.8752549
556,35314_right.jpeg,0.7066339,0.199398,0.047682416
557,3776_left.jpeg,0.06728257,0.57749206,0.17292954
558,31046_left.jpeg,0.014752991,0.6761208,0.4503638
559,4156_right.jpeg,0.73056185,0.217362,0.034767848
560,12322_left.jpeg,0.09535366,0.49638683,0.31560835
561,9514_right.jpeg,0.11416939,0.39419913,0.34459788
562,28528_right.jpeg,0.80092007,0.12946276,0.04675872
563,14187_right.jpeg,0.7502333,0.18122141,0.05371399
564,33160_left.jpeg,0.012133474,0.12239448,0.91597587
565,40818_right.jpeg,0.40694153,0.5350367,0.05010836
566,26247_right.jpeg,0.9468811,0.07465371,0.015715241
567,32252_left.jpeg,0.5008485,0.2726118,0.11697095
568,4321_left.jpeg,0.091720626,0.6717952,0.2627208
569,18164_right.jpeg,0.90954965,0.11874162,0.01573516
570,43984_right.jpeg,0.061539154,0.40952027,0.431086
571,34946_left.jpeg,0.082430564,0.59647626,0.3607857
572,31144_right.jpeg,0.8873679,0.110401206,0.024581095
573,41709_right.jpeg,0.74970996,0.24134679,0.029433765
574,43434_left.jpeg,0.035370182,0.14174405,0.7886868
575,12073_right.jpeg,0.78606105,0.22534582,0.022018528
576,17661_right.jpeg,0.9557304,0.060041882,0.012040584
577,40350_right.jpeg,0.0025203018,0.46710208,0.82759607
578,5654_right.jpeg,0.0050889086,0.37615424,0.8301354
579,41782_right.jpeg,0.016966213,0.36633152,0.7185085
580,12142_left.jpeg,0.7297528,0.19739234,0.07248519
581,2427_left.jpeg,0.9458782,0.07719652,0.011701283
582,25759_right.jpeg,0.25443813,0.4584479,0.1498372
583,40417_right.jpeg,0.29446337,0.4704643,0.12894991
584,14932_left.jpeg,0.9165961,0.11772088,0.01305743
585,13729_left.jpeg,0.8664782,0.11270844,0.03334169
586,36504_right.jpeg,0.8681999,0.14961424,0.021088602
587,28564_right.jpeg,0.8993122,0.105870195,0.024375994
588,41186_left.jpeg,0.8597888,0.15994845,0.016300092
589,14076_right.jpeg,0.92174757,0.088878855,0.017944282
590,32310_left.jpeg,0.076918244,0.47168455,0.43015996
591,23585_right.jpeg,0.016268974,0.069124125,0.9386455
592,42374_right.jpeg,0.41502613,0.48012832,0.05830886
593,38398_left.jpeg,0.23371778,0.37067088,0.19472407
594,30223_left.jpeg,0.9449652,0.069231056,0.013172483
595,27322_left.jpeg,0.1067838,0.41489747,0.2842043
596,25092_left.jpeg,0.95696175,0.060599897,0.011341373
597,2202_right.jpeg,0.9570966,0.061070167,0.011497262
598,40034_left.jpeg,0.055818614,0.779666,0.22029454
599,3127_left.jpeg,0.025907623,0.39848864,0.67867804
600,17237_right.jpeg,0.19648004,0.40955517,0.20587057
601,22426_left.jpeg,0.9420286,0.077139154,0.0121003
602,10364_right.jpeg,0.009071782,0.27065066,0.8460781
603,19595_right.jpeg,0.94994,0.07110182,0.012699639
604,5287_right.jpeg,0.024049714,0.75362337,0.36734807
605,10609_left.jpeg,0.20235792,0.57185316,0.17368613
606,8670_right.jpeg,0.716389,0.3194519,0.03050087
607,41713_right.jpeg,0.9157397,0.10974903,0.023155073
608,13258_right.jpeg,0.9205022,0.09518444,0.015297724
609,3694_right.jpeg,0.19196896,0.5509604,0.19312069
610,591_right.jpeg,0.014504746,0.06682013,0.94622284
611,5950_right.jpeg,0.557804,0.41725972,0.037547715
612,26162_right.jpeg,0.9448854,0.07377614,0.012257153
613,5767_left.jpeg,0.0079234075,0.35343063,0.821374
614,3161_right.jpeg,0.9301358,0.09195667,0.013766325
615,39003_left.jpeg,0.24391054,0.5753504,0.10875906
616,28639_right.jpeg,0.11498261,0.3188798,0.51816636
617,31375_right.jpeg,0.085401356,0.2125349,0.2939702
618,27355_right.jpeg,0.88621014,0.10911243,0.02488233
619,27903_left.jpeg,0.45115575,0.35576642,0.065358765
620,28400_left.jpeg,0.7530954,0.18620862,0.03976312
621,944_right.jpeg,0.9585601,0.059470534,0.010770236
622,20150_left.jpeg,0.8215273,0.15570593,0.036675848
623,14622_left.jpeg,0.0048623066,0.29452834,0.8674894
624,11383_left.jpeg,0.9644131,0.055133797,0.010232774
625,36489_left.jpeg,0.13997188,0.67592573,0.1831928
626,30512_right.jpeg,0.8515281,0.17117417,0.016717656
627,37681_right.jpeg,0.011702336,0.6204931,0.5563652
628,2061_right.jpeg,0.91967404,0.1058664,0.013117635
629,8667_left.jpeg,0.8341884,0.15619646,0.024261158
630,205_left.jpeg,0.8762147,0.16060969,0.014529659
631,42464_right.jpeg,0.17345823,0.6002553,0.12936154
632,29053_right.jpeg,0.53015935,0.12355102,0.08123309
633,42867_left.jpeg,0.028561227,0.7275269,0.3729963
634,11_right.jpeg,0.040934864,0.48274046,0.5557878
635,15201_left.jpeg,0.79563,0.19775774,0.024988642
636,12829_right.jpeg,0.87526685,0.16060632,0.025170442
637,11483_right.jpeg,0.09640738,0.07783157,0.66888237
638,3681_left.jpeg,0.03924345,0.26971835,0.7384322
639,8432_right.jpeg,0.12319706,0.55701536,0.20839067
640,18271_left.jpeg,0.9606756,0.059087034,0.010806061
641,2527_right.jpeg,0.096191145,0.45471284,0.26876613
642,2260_right.jpeg,0.07496302,0.24598116,0.5142733
643,21845_left.jpeg,0.109969415,0.54818356,0.23128021
644,19244_left.jpeg,0.2020143,0.31002787,0.33020777
645,7975_left.jpeg,0.9491783,0.075046,0.012880197
646,28517_left.jpeg,0.6136326,0.3239987,0.062305722
647,2276_left.jpeg,0.9643003,0.055205733,0.010922153
648,3775_left.jpeg,0.11481369,0.6158846,0.16778518
649,7402_right.jpeg,0.0447884,0.5125397,0.4846282
650,8590_left.jpeg,0.0057075904,0.3770679,0.81656116
651,23070_left.jpeg,0.77855057,0.11661001,0.0638639
652,36028_right.jpeg,0.37054253,0.46703967,0.07492829
653,23678_right.jpeg,0.8562011,0.11177677,0.039533056
654,13727_right.jpeg,0.9469015,0.079379775,0.01059178
655,12498_left.jpeg,0.012497983,0.10041875,0.9239987
656,15050_right.jpeg,0.12895495,0.63460076,0.13412979
657,12537_left.jpeg,0.9460235,0.08135566,0.010385431
658,16228_left.jpeg,0.009936025,0.09894089,0.93569815
659,36875_right.jpeg,0.1329342,0.7010687,0.1391827
660,30793_right.jpeg,0.04605208,0.61090183,0.3889009
661,2293_left.jpeg,0.912061,0.10607523,0.018502627
662,34556_left.jpeg,0.13683523,0.5338114,0.25083512
663,37096_left.jpeg,0.7544978,0.20307805,0.046492927
664,2148_left.jpeg,0.94979775,0.06638148,0.0129878195
665,21036_right.jpeg,0.66340655,0.34535682,0.02749381
666,8170_right.jpeg,0.45621064,0.21878296,0.122318245
667,35814_right.jpeg,0.013109735,0.5288614,0.66312593
668,33221_right.jpeg,0.04447087,0.5084604,0.47128266
669,41887_right.jpeg,0.010453079,0.17537747,0.892493
670,25877_right.jpeg,0.83186966,0.13866843,0.034184843
671,21193_right.jpeg,0.9561679,0.06650844,0.0102891615
672,9527_right.jpeg,0.014460793,0.23306161,0.8477207
673,2148_right.jpeg,0.92243224,0.073375955,0.020384545
674,36273_left.jpeg,0.7348612,0.26860458,0.02506745
675,42381_left.jpeg,0.059306934,0.653756,0.30619633
676,3990_left.jpeg,0.0085668955,0.12513603,0.92406076
677,7223_right.jpeg,0.28857663,0.38470918,0.1300436
678,17691_right.jpeg,0.8376979,0.20028858,0.01461567
679,40904_left.jpeg,0.54743737,0.42341295,0.03163765
680,7147_left.jpeg,0.0037832211,0.70544916,0.6528002
681,42824_left.jpeg,0.89263797,0.124084935,0.017234642
682,17120_left.jpeg,0.94588214,0.07849199,0.010906679
683,36962_right.jpeg,0.03213007,0.3721313,0.64044714
684,38262_left.jpeg,0.07033717,0.7906665,0.20877194
685,13787_left.jpeg,0.057554778,0.8594501,0.1448041
686,17319_right.jpeg,0.3705504,0.5012076,0.059174877
687,11481_right.jpeg,0.8496294,0.116358526,0.030250784
688,33479_right.jpeg,0.12593067,0.4680329,0.28598872
689,22174_left.jpeg,0.94624865,0.061573643,0.01573931
690,39829_right.jpeg,0.8686851,0.15895513,0.01974249
691,18705_left.jpeg,0.9317245,0.10535319,0.011951386
692,20419_right.jpeg,0.9223227,0.09977049,0.013803677
693,813_right.jpeg,0.34416187,0.25421175,0.19476189
694,20201_right.jpeg,0.4155439,0.5769961,0.04667243
695,39392_left.jpeg,0.039971497,0.53064644,0.49777925
696,4067_left.jpeg,0.26242447,0.6068333,0.08001296
697,24803_right.jpeg,0.37405577,0.44087258,0.0732009
698,13518_left.jpeg,0.3025285,0.5711612,0.080373466
699,44299_right.jpeg,0.9645046,0.056091357,0.010565981
700,43368_left.jpeg,0.022750843,0.18214999,0.84096456
701,3235_left.jpeg,0.0029512823,0.34748653,0.8656731
702,42682_left.jpeg,0.8362606,0.14558457,0.024250459
703,24617_right.jpeg,0.93295056,0.08901508,0.012006802
704,24787_left.jpeg,0.8781971,0.119334236,0.01949018
705,33126_right.jpeg,0.016565291,0.35494095,0.74999416
706,22359_left.jpeg,0.88685924,0.13015378,0.014806927
707,13338_left.jpeg,0.042192917,0.8000856,0.24881126
708,41735_left.jpeg,0.25657597,0.3668554,0.19728279
709,34935_left.jpeg,0.44586042,0.44245654,0.05829717
710,30751_left.jpeg,0.35293964,0.1486046,0.22828247
711,12993_left.jpeg,0.9440745,0.08331018,0.011518465
712,37361_right.jpeg,0.58529425,0.32612193,0.059363395
713,31392_right.jpeg,0.7944272,0.24478152,0.016250027
714,12611_left.jpeg,0.6696976,0.3064188,0.041746326
715,13760_right.jpeg,0.4216804,0.34188864,0.08884731
716,25416_right.jpeg,0.08302782,0.71379507,0.20899278
717,7334_left.jpeg,0.9580452,0.058302134,0.012133679
718,28682_right.jpeg,0.66906244,0.22564094,0.054236166
719,29130_right.jpeg,0.11254523,0.108555995,0.55297655
720,29940_right.jpeg,0.959984,0.060985394,0.01016282
721,27441_left.jpeg,0.87331784,0.16375585,0.015111249
722,43215_right.jpeg,0.7475577,0.22130387,0.032813817
723,17955_right.jpeg,0.2163392,0.6772328,0.08023969
724,3899_right.jpeg,0.91277385,0.111454315,0.016870402
725,20781_left.jpeg,0.708503,0.25839263,0.043139715
726,36620_right.jpeg,0.4150337,0.4497132,0.06360089
727,36710_left.jpeg,0.095575556,0.52865654,0.31312472
728,24026_right.jpeg,0.25097632,0.55073667,0.12182035
729,30535_right.jpeg,0.64295477,0.20891339,0.048194554
730,19929_left.jpeg,0.57689476,0.30776927,0.049142476
731,25143_right.jpeg,0.9471158,0.07753304,0.013333808
732,9474_right.jpeg,0.92031896,0.11913178,0.011115464
733,31313_left.jpeg,0.011544963,0.29168165,0.8267371
734,23255_left.jpeg,0.6793532,0.3861148,0.020209735
735,30208_left.jpeg,0.8007159,0.21918422,0.023278471
736,23911_right.jpeg,0.868609,0.15563478,0.026336001
737,1731_right.jpeg,0.07158226,0.53491366,0.38920885
738,41867_left.jpeg,0.13879192,0.67813456,0.1546225
739,41003_left.jpeg,0.030337432,0.768973,0.3348444
740,15488_right.jpeg,0.20061214,0.5042327,0.13965833
741,37349_left.jpeg,0.076747365,0.8478377,0.17557386
742,7997_right.jpeg,0.3446418,0.31969568,0.14401712
743,21046_left.jpeg,0.017078618,0.43586874,0.69986576
744,29245_right.jpeg,0.48517063,0.35570845,0.07142929
745,37121_right.jpeg,0.7113773,0.307188,0.028846111
746,21289_left.jpeg,0.35212627,0.40202305,0.08787604
747,16204_right.jpeg,0.91567606,0.09824063,0.018862132
748,19233_right.jpeg,0.8171626,0.12596843,0.040277097
749,27998_left.jpeg,0.9103697,0.09364077,0.022884533
750,15046_left.jpeg,0.8779452,0.12701553,0.023737919
751,37812_left.jpeg,0.023878291,0.4063555,0.6149567
752,30392_right.jpeg,0.57936186,0.28931564,0.059596032
753,40399_left.jpeg,0.013167891,0.22396795,0.83811563
754,3715_left.jpeg,0.06456608,0.5804174,0.3818047
755,33979_left.jpeg,0.025301121,0.5616287,0.56603307
756,16921_left.jpeg,0.018456787,0.08260745,0.9205342
757,10840_right.jpeg,0.9509537,0.06428768,0.013233521
758,11984_right.jpeg,0.7960683,0.18488313,0.04120389
759,24120_left.jpeg,0.023313912,0.093158424,0.9007116
760,1091_right.jpeg,0.33382338,0.3515297,0.1507182
761,7033_right.jpeg,0.6444541,0.33454162,0.027106034
762,3788_left.jpeg,0.8257514,0.23760776,0.015245564
763,14521_left.jpeg,0.0029560118,0.61086977,0.7485096
764,24379_right.jpeg,0.9042126,0.108393215,0.018091545
765,33343_left.jpeg,0.0037292994,0.5320275,0.756574
766,43125_left.jpeg,0.010389521,0.31792995,0.8143584
767,20762_left.jpeg,0.2308369,0.43783072,0.14040919
768,16567_right.jpeg,0.9456214,0.07365297,0.012759519
769,39865_left.jpeg,0.49613014,0.36082584,0.067418635
770,31960_left.jpeg,0.015025839,0.087224536,0.9308626
771,1213_left.jpeg,0.08575446,0.58669347,0.2587198
772,19718_right.jpeg,0.86633575,0.10131219,0.031213647
773,36133_right.jpeg,0.39755538,0.5472397,0.08285706
774,10380_left.jpeg,0.15692756,0.67808115,0.093631804
775,3792_right.jpeg,0.0070480974,0.16670124,0.9046661
776,14211_left.jpeg,0.9117179,0.11415644,0.015227049
777,21674_left.jpeg,0.765609,0.24084887,0.028794453
778,39669_right.jpeg,0.8792151,0.15962638,0.014182302
779,27963_right.jpeg,0.0027987678,0.5002918,0.79701066
780,41416_left.jpeg,0.7632786,0.2614043,0.021131113
781,28249_left.jpeg,0.5967837,0.4252552,0.031104604
782,10410_right.jpeg,0.96210206,0.058570385,0.011231855
783,29496_left.jpeg,0.33736414,0.5656714,0.07946625
784,9095_left.jpeg,0.008872696,0.10671698,0.9341711
785,25521_left.jpeg,0.31120202,0.565219,0.10727874
786,34865_right.jpeg,0.80697465,0.20089617,0.02959662
787,2891_right.jpeg,0.059689216,0.42812887,0.49890217
788,41664_right.jpeg,0.12357891,0.5147228,0.2417813
789,29567_left.jpeg,0.77797675,0.21306981,0.028384816
790,4386_left.jpeg,0.87488997,0.15844277,0.016301926
791,26623_right.jpeg,0.057040434,0.46845767,0.45887557
792,29943_right.jpeg,0.86714685,0.16317102,0.019074278
793,35226_right.jpeg,0.017109573,0.5507764,0.5829232
794,3127_right.jpeg,0.05763232,0.46376044,0.4574381
795,37415_right.jpeg,0.5608292,0.47094205,0.027407186
796,3203_right.jpeg,0.955598,0.06353525,0.01086092
797,24837_left.jpeg,0.033878367,0.26990914,0.77699816
798,22111_right.jpeg,0.90160453,0.10924035,0.020560604
799,6860_left.jpeg,0.032837834,0.17743646,0.8247595
800,32607_right.jpeg,0.15845841,0.5110126,0.24024016
801,11782_left.jpeg,0.94141024,0.086910546,0.011095858
802,32175_right.jpeg,0.9549306,0.062266864,0.011474095
803,21822_left.jpeg,0.9064949,0.12014111,0.01698265
804,23222_left.jpeg,0.03829262,0.3621972,0.6316388
805,25391_left.jpeg,0.8936865,0.13740116,0.014155747
806,25708_left.jpeg,0.8719891,0.09943778,0.030823218
807,3425_right.jpeg,0.96737957,0.050749347,0.009850484
808,7471_left.jpeg,0.38162538,0.4506838,0.09680213
809,21794_left.jpeg,0.9500188,0.07417871,0.012145018
810,29495_right.jpeg,0.926473,0.09983716,0.0191543
811,16615_left.jpeg,0.6813563,0.3005007,0.02874705
812,32271_left.jpeg,0.95813394,0.062464897,0.01070059
